{
  "path_elements": [
    {
      "type": "translation",
      "x_meters": 3.1285077399380796,
      "y_meters": 0.8376284829721365,
      "intermediate_handoff_radius_meters": 0.2
    },
    {
      "type": "waypoint",
      "translation_target": {
        "x_meters": 6.054527828057659,
        "y_meters": 0.8320903869097176,
        "intermediate_handoff_radius_meters": 0.5
      },
      "rotation_target": {
        "rotation_radians": 0.02423866016538102,
        "profiled_rotation": true
      }
    },
    {
      "type": "translation",
      "x_meters": 7.956068738292927,
      "y_meters": 2.447301603414017,
      "intermediate_handoff_radius_meters": 0.0
    }
  ]
}