{
  "path_elements": [
    {
      "type": "translation",
      "x_meters": 3.1285077399380796,
      "y_meters": 0.8376284829721365,
      "intermediate_handoff_radius_meters": 0.2
    },
    {
      "type": "rotation",
      "rotation_radians": 0.8414173411540337,
      "t_ratio": 1.0,
      "profiled_rotation": true
    },
    {
      "type": "translation",
      "x_meters": 6.5541191593270085,
      "y_meters": 0.8755331113679219,
      "intermediate_handoff_radius_meters": 0.2
    },
    {
      "type": "translation",
      "x_meters": 7.575944899283639,
      "y_meters": 2.306112748924855,
      "intermediate_handoff_radius_meters": 0.2
    }
  ]
}