{
  "path_elements": [
    {
      "type": "translation",
      "x_meters": 0.23956656346749217,
      "y_meters": 1.510990712074304,
      "intermediate_handoff_radius_meters": 0.2
    },
    {
      "type": "rotation",
      "rotation_radians": 2.0943951023931953,
      "t_ratio": 1.0,
      "profiled_rotation": true
    },
    {
      "type": "translation",
      "x_meters": 2.8723482614941926,
      "y_meters": 1.776969643875665,
      "intermediate_handoff_radius_meters": 0.2
    },
    {
      "type": "translation",
      "x_meters": 4.904217345104074,
      "y_meters": 2.9686142969124703,
      "intermediate_handoff_radius_meters": 0.2
    }
  ]
}